file,n,NNZ,max_|aij|,max_seen,growth_factor_rho,cond_2,status
1138_bus.mtx,1138,4054,20183.36,20183.36,1.0,8572645.586580709,OK
bp_0.mtx,822,3276,238.95,238.95,1.0,7133121.119796383,OK
gre_512.mtx,512,2192,0.75,1.6820492168865036,2.2427322891820047,158.31833907959728,OK
psmigr_2.mtx,3140,540022,0.75313991,1.834775737188362,2.4361685164026987,17202.798023299096,OK
rdb5000.mtx,5000,29600,87.232,93.98284481331305,1.077389545273673,1688.2945487144978,OK
