centroid_index,feature_0,feature_1
0,5.86714,0.560683
1,-8.54819,-8.22912
2,9.24095,-2.37385
3,1.96012,0.889921
4,-1.59436,2.92077
5,-9.6169,6.72825
6,5.53184,7.44086
7,-1.34448,7.82851
8,0.99613,4.3375
9,1.44177,8.49915
