centroid_index,feature_0,feature_1
0,-5.00997,-2.05902
1,5.10435,0.350391
